Native,ebpfjit (unchecked),ebpfjit (virtual memory),Wasmtime (Cranelift),ebpfjit (simple checks)
6,5,6,127,6
6,5,6,127,6
6,5,6,127,6
6,5,6,128,6
6,5,6,128,6
6,5,6,128,6
6,5,6,129,6
6,5,6,129,6
6,5,6,129,6
6,5,6,130,6
6,5,6,130,6
6,5,6,130,6
6,5,6,131,6
6,5,6,131,6
6,5,6,131,7
6,5,6,132,7
6,5,6,132,8
6,5,6,132,8
6,5,6,133,9
6,5,6,133,9
6,5,6,133,10
6,5,6,134,10
6,5,6,134,11
6,5,6,134,12
6,5,6,135,12
6,5,6,135,13
6,5,6,135,13
6,5,6,136,14
6,5,6,136,14
6,5,6,136,15
6,5,6,137,15
6,5,6,137,16
6,5,6,137,16
6,5,6,138,17
6,5,6,138,17
6,5,6,138,18
6,5,6,139,19
6,5,6,139,19
6,5,6,139,20
6,5,6,140,21
6,5,6,140,21
6,5,6,140,22
6,5,6,141,23
6,5,6,141,23
6,5,6,141,24
6,5,6,142,25
6,5,6,142,25
6,5,6,142,26
6,5,6,143,27
6,5,6,143,27
6,5,6,144,28
6,5,6,144,29
6,5,6,144,29
6,5,6,145,30
6,5,6,145,31
6,5,6,145,32
6,5,6,146,32
6,5,6,146,33
6,5,6,146,34
6,5,6,147,35
6,5,6,147,35
6,5,6,147,36
6,5,6,148,37
6,5,6,148,38
6,5,6,148,39
6,5,6,149,40
6,5,6,149,41
6,5,6,150,42
6,5,6,150,42
6,5,6,150,43
6,5,7,151,44
6,5,7,151,45
6,5,7,151,46
6,5,7,152,47
6,5,7,152,48
6,5,7,152,49
6,5,8,153,50
6,5,8,153,52
6,5,8,153,53
6,5,8,154,54
6,5,8,154,56
6,5,8,154,57
6,5,9,155,58
6,5,9,155,59
6,5,9,155,60
6,5,9,156,61
6,5,9,156,62
6,5,9,156,63
6,5,10,157,65
6,5,10,157,66
7,6,10,158,67
7,6,10,158,68
7,6,10,158,69
7,6,10,159,70
7,6,11,159,71
7,6,11,159,73
7,6,11,160,74
7,6,11,160,75
7,6,11,160,76
7,7,11,161,77
8,7,12,161,78
8,7,12,161,79
8,7,12,162,80
8,7,12,162,82
8,7,12,162,83
8,7,13,163,85
8,7,13,163,85
9,8,13,163,87
9,8,13,164,88
9,8,13,164,89
9,8,13,164,90
9,8,14,165,91
9,8,14,165,91
10,8,14,165,91
10,8,14,166,91
10,8,14,166,92
10,9,15,167,92
10,9,15,167,92
11,9,15,167,92
11,9,15,168,92
11,9,15,168,92
11,9,15,168,92
11,9,16,169,93
11,10,16,169,93
11,10,16,169,93
11,10,16,170,93
11,10,16,170,93
12,10,17,170,94
12,10,17,171,94
12,10,17,171,94
12,10,17,172,94
12,11,17,172,94
12,11,18,172,94
12,11,18,173,94
13,11,18,173,95
13,11,18,173,95
13,11,19,174,95
13,11,19,174,95
13,12,19,174,96
13,12,19,175,96
14,12,19,175,96
14,12,20,175,96
14,12,20,176,96
14,12,20,176,96
14,12,20,176,96
14,12,21,177,97
15,13,21,177,97
15,13,21,178,97
15,13,21,178,97
15,13,22,178,97
15,13,22,179,98
15,13,22,179,98
16,14,22,179,98
16,14,22,180,98
16,14,23,180,98
16,14,23,180,98
16,14,23,181,99
17,14,23,181,99
17,15,24,181,99
17,15,24,182,99
17,15,24,182,99
17,15,24,183,100
17,15,25,183,100
18,15,25,183,100
18,16,25,184,100
18,16,25,184,100
18,16,26,184,100
18,16,26,185,100
19,16,26,185,101
19,16,26,185,101
19,16,27,186,101
19,17,27,186,102
19,17,27,187,102
19,17,27,187,102
20,17,28,187,102
20,18,28,188,102
20,18,28,188,102
20,18,29,188,103
21,18,29,189,103
21,18,29,189,103
21,18,29,189,103
21,18,30,190,103
22,19,30,190,103
22,19,30,190,103
22,19,30,191,104
22,19,31,191,104
23,19,31,191,104
23,20,31,192,104
23,20,31,192,105
23,20,32,193,105
24,20,32,193,105
24,20,32,193,105
24,21,33,193,105
25,21,33,194,106
25,21,33,194,106
25,21,33,194,106
25,21,34,195,106
26,22,34,195,107
26,22,34,195,107
26,22,35,196,107
27,22,35,196,107
27,22,35,197,107
27,23,36,197,107
28,23,36,197,108
28,23,36,198,108
28,23,37,198,108
28,23,37,198,108
29,24,37,199,109
29,24,37,199,109
29,24,38,199,109
29,24,38,200,109
30,24,38,200,109
30,24,39,200,110
30,25,39,201,110
31,25,39,201,110
31,25,40,202,110
31,25,40,202,110
32,26,40,203,110
32,26,41,203,111
32,26,41,203,111
33,26,41,204,111
33,27,42,204,111
33,27,42,204,111
34,27,42,205,112
34,27,42,205,112
34,27,43,205,112
34,28,43,206,112
35,28,44,206,112
35,28,44,207,112
35,28,45,207,113
35,29,45,207,113
36,29,45,208,113
36,29,45,208,113
36,29,45,211,114
37,30,45,211,114
37,30,45,212,114
37,30,45,212,114
38,30,45,212,114
38,31,45,213,114
38,31,45,214,115
39,31,45,214,115
39,31,46,214,115
39,31,46,215,115
40,32,46,215,115
40,32,46,216,116
40,32,46,216,116
40,32,46,216,116
40,33,46,217,116
40,33,46,217,116
40,33,46,217,116
40,33,47,218,117
41,33,47,218,117
41,33,47,218,117
41,34,47,219,117
41,34,47,219,118
41,35,47,220,118
41,35,47,220,118
41,35,47,220,118
41,36,47,221,118
41,36,47,221,119
41,36,48,221,119
42,36,48,222,119
42,36,48,222,119
42,36,48,223,120
42,36,48,223,120
42,36,48,223,120
42,36,48,224,120
42,36,48,224,121
42,36,48,224,121
42,36,49,225,121
42,36,49,225,121
42,36,49,225,122
42,37,49,226,122
43,37,49,226,122
43,37,49,226,122
43,37,49,227,122
43,37,49,227,122
43,37,49,228,123
43,37,49,228,123
43,37,49,228,123
43,37,49,229,123
43,37,49,229,124
43,37,49,229,124
43,37,50,230,124
43,37,50,230,124
43,37,50,230,125
44,37,50,231,125
44,37,50,231,125
44,37,50,231,125
44,38,50,232,125
44,38,50,232,126
44,38,50,232,126
44,38,50,233,126
44,38,51,233,126
44,38,51,233,126
44,38,51,234,127
44,38,51,234,127
44,38,51,235,127
44,38,51,235,127
45,38,51,235,127
45,38,51,236,127
45,38,51,236,128
45,38,51,236,128
45,39,51,237,128
45,39,52,237,128
45,39,52,237,128
45,39,52,238,129
45,39,52,238,129
45,39,52,238,129
45,39,52,239,129
45,39,52,239,130
46,39,52,240,130
46,39,52,240,130
46,39,52,240,130
46,39,53,241,131
46,39,53,241,131
46,39,53,241,131
46,39,53,242,131
46,39,53,242,131
46,39,53,242,131
46,40,53,243,132
46,40,53,243,132
46,40,53,243,132
46,40,54,244,132
46,40,54,244,133
46,40,54,244,133
47,40,54,245,133
47,40,54,245,133
47,40,54,246,134
47,40,54,246,134
47,40,54,246,134
47,40,54,247,134
47,40,54,247,134
47,41,55,248,134
47,41,55,248,135
47,41,55,248,135
47,41,55,248,135
47,41,55,249,135
48,41,55,249,135
48,41,55,250,136
48,41,55,250,136
48,41,55,250,136
48,41,56,251,136
48,41,56,251,136
48,41,56,251,137
48,41,56,252,137
48,41,56,252,137
48,41,56,252,137
48,41,56,253,137
48,41,56,253,138
48,41,56,253,138
48,42,57,254,138
48,42,57,254,138
48,42,57,254,138
49,42,57,255,138
49,42,57,255,139
49,42,57,256,139
49,42,57,256,139
49,42,57,256,139
49,42,57,257,139
49,42,57,257,140
49,42,58,257,140
49,42,58,258,140
49,42,58,258,140
49,42,58,259,141
50,42,58,259,141
50,42,58,259,141
50,42,58,260,141
50,43,58,260,141
50,43,58,260,141
50,43,58,261,142
50,43,58,261,142
50,43,59,261,142
50,43,59,262,142
50,43,59,262,143
50,43,59,263,143
51,43,59,263,143
51,43,59,263,143
51,43,59,264,143
51,43,59,264,143
51,43,60,264,144
51,43,60,265,144
51,43,60,265,144
51,44,60,265,144
51,44,60,266,144
51,44,60,266,145
51,44,60,267,145
51,44,60,267,145
52,44,60,267,145
52,44,61,268,145
52,44,61,268,145
52,44,61,268,146
52,44,61,269,146
52,44,61,269,146
52,45,61,269,146
52,45,61,270,147
52,45,61,270,147
52,45,61,271,147
52,45,62,271,147
53,45,62,271,147
53,45,62,272,147
53,45,62,272,148
53,45,62,272,148
53,45,62,273,148
53,45,62,273,148
53,45,62,273,148
53,45,62,274,149
53,45,62,275,149
53,46,63,275,149
54,46,63,275,149
54,46,63,276,150
54,46,63,276,150
54,46,63,276,150
54,46,63,277,150
54,46,63,277,150
54,46,63,277,151
54,46,63,278,151
54,46,64,278,151
55,46,64,279,151
55,46,64,279,151
55,46,64,279,151
55,46,64,280,151
55,46,64,280,152
55,47,64,282,152
55,47,64,284,152
55,47,64,284,153
55,47,64,284,153
55,47,65,285,153
55,47,65,285,153
55,47,65,285,153
56,47,65,286,153
56,47,65,286,154
56,47,65,287,154
56,47,65,287,154
56,47,65,287,154
56,47,65,288,154
56,47,66,288,155
56,48,66,288,155
56,48,66,289,155
56,48,66,289,155
57,48,66,290,156
57,48,66,290,156
57,48,66,291,156
57,48,66,291,156
57,48,67,291,156
57,48,67,292,156
57,48,67,292,157
57,48,67,292,157
57,48,67,293,157
57,48,67,293,157
57,48,67,293,157
57,48,67,294,158
57,49,67,294,158
57,49,67,294,158
57,49,67,295,158
57,49,68,295,158
57,49,68,296,158
57,49,68,296,159
57,49,68,297,159
57,49,68,297,159
57,49,68,298,159
57,49,68,298,159
57,49,68,298,160
57,49,68,299,160
57,49,68,299,160
57,49,68,299,160
58,50,68,299,161
58,50,68,300,161
58,50,68,300,161
58,50,68,301,161
58,50,68,301,161
58,50,68,301,162
58,50,68,324,162
58,50,68,325,162
58,50,68,325,162
58,50,68,325,162
58,50,68,325,162
58,50,68,326,163
58,50,68,326,163
58,51,68,326,163
58,51,68,326,163
58,51,68,326,164
58,51,68,326,164
58,51,69,327,164
58,51,69,328,164
58,51,69,328,164
58,51,69,328,165
58,51,69,328,165
58,51,69,328,165
58,51,69,328,165
58,51,69,328,165
58,51,69,328,166
58,52,69,329,166
58,52,69,329,166
58,52,69,329,166
58,52,69,329,166
58,52,70,329,166
58,52,70,329,167
58,52,70,330,167
58,52,70,330,167
58,52,70,330,167
58,52,70,330,167
58,52,70,330,167
58,52,70,331,167
58,53,70,331,167
58,53,70,331,167
58,53,70,332,167
58,53,70,333,167
58,53,70,333,167
58,53,70,333,168
59,53,70,333,168
59,53,70,333,168
59,53,70,333,168
59,53,70,333,168
59,53,70,333,168
59,53,70,333,169
59,53,70,333,169
59,54,70,333,169
59,54,70,333,169
59,54,70,333,169
59,54,70,334,169
59,54,70,334,169
59,54,70,334,169
59,54,70,334,169
59,54,70,334,169
59,54,71,334,169
59,54,71,334,169
59,54,71,334,169
59,54,71,334,169
59,54,71,334,170
59,55,71,334,170
59,55,71,334,170
59,55,71,334,170
59,55,71,335,170
59,55,71,335,170
59,55,71,335,171
59,55,71,335,171
59,55,71,335,171
59,55,71,335,171
59,55,71,336,171
59,55,71,336,171
59,55,71,336,171
59,56,71,336,171
59,56,71,336,171
59,56,71,336,171
59,56,71,336,171
60,56,71,336,171
60,56,71,336,171
60,56,71,336,171
60,56,71,336,171
60,56,71,337,171
60,56,71,337,171
60,56,71,337,171
60,56,72,337,172
60,56,72,337,172
60,57,72,337,172
60,57,72,337,172
60,57,72,337,172
60,57,72,338,172
60,57,72,338,172
60,57,72,338,172
60,57,72,338,172
60,57,72,338,172
60,57,72,338,172
60,57,72,338,172
60,58,72,338,172
60,58,72,338,172
60,58,72,339,172
60,58,72,339,172
60,58,72,339,172
60,58,72,339,172
60,58,72,339,172
60,58,72,339,172
60,58,72,339,172
60,58,72,339,172
60,58,72,339,172
61,58,72,339,173
61,58,72,339,173
61,58,72,339,173
61,59,72,339,173
61,59,73,339,173
61,59,73,339,173
61,59,73,339,173
61,59,73,339,173
61,59,73,339,173
61,59,73,339,174
61,59,73,339,174
61,59,73,339,174
61,59,73,339,174
61,59,73,339,174
61,60,73,339,174
61,60,73,339,174
61,60,73,339,174
61,60,73,339,174
61,60,73,339,174
61,60,73,339,174
61,60,73,339,174
61,60,73,339,174
61,60,73,339,174
61,60,73,339,174
61,60,73,339,174
61,60,73,339,174
61,60,73,339,174
61,61,74,339,174
62,61,74,339,174
62,61,74,339,174
62,61,74,339,174
62,61,74,339,174
62,61,74,339,174
62,61,74,339,174
62,61,74,339,174
62,61,74,339,174
62,61,74,339,174
62,61,74,339,174
62,61,74,339,175
62,62,74,339,175
62,62,74,339,175
62,62,74,339,175
62,62,74,339,175
62,62,74,339,175
62,62,74,339,175
62,62,74,339,175
62,62,74,339,175
62,62,74,339,175
62,62,74,339,175
62,62,74,339,175
62,62,74,339,175
62,62,74,340,175
62,62,75,340,176
62,62,75,340,176
63,62,75,340,176
63,62,75,340,176
63,62,75,340,176
63,62,75,340,176
63,62,75,340,176
63,62,75,340,176
63,62,75,340,176
63,62,75,340,176
63,62,75,340,176
63,62,75,340,176
63,62,75,340,176
63,63,75,340,176
63,63,75,340,177
63,63,75,340,177
63,63,75,340,177
63,63,75,340,177
63,63,75,340,177
63,63,75,340,177
63,63,75,340,177
63,63,75,340,177
63,63,75,340,177
63,63,75,340,177
63,63,75,340,177
63,63,75,340,177
63,63,75,340,177
63,63,76,341,177
63,63,76,341,177
63,63,76,341,177
63,63,76,341,177
63,63,76,341,177
63,63,76,341,177
63,63,76,341,177
63,63,76,341,177
63,64,76,341,177
63,64,76,341,177
63,64,76,341,177
63,64,76,342,178
64,64,76,342,178
64,64,76,342,178
64,64,76,342,178
64,64,76,342,178
64,64,76,342,178
64,64,76,342,178
64,64,76,342,178
64,64,76,342,179
64,64,76,342,179
64,64,76,342,179
64,64,76,342,179
64,64,76,342,179
64,64,76,342,179
64,64,76,342,179
64,64,76,342,179
64,64,76,342,179
64,64,76,342,179
64,64,77,342,179
64,64,77,342,179
64,64,77,342,179
64,64,77,342,179
64,64,77,342,179
64,64,77,342,179
64,64,77,342,179
64,64,77,342,179
64,65,77,342,179
64,65,77,342,179
64,65,77,342,179
64,65,77,342,179
64,65,77,342,180
64,65,77,342,180
64,65,77,342,180
64,65,77,342,180
64,65,77,343,180
64,65,77,343,180
65,65,77,343,180
65,65,77,343,180
65,65,77,343,180
65,65,78,343,180
65,65,78,343,180
65,65,78,343,180
65,65,78,343,180
65,65,78,343,181
65,65,78,343,181
65,65,78,343,181
65,65,78,343,181
65,65,78,343,181
65,65,78,343,181
65,65,78,343,181
66,65,78,343,181
66,65,78,343,181
66,65,78,343,181
66,65,78,343,181
66,65,78,343,181
66,65,79,343,181
66,65,79,343,181
66,65,79,343,181
66,65,79,343,181
66,66,79,343,181
66,66,79,343,181
66,66,79,343,181
66,66,79,343,181
66,66,79,343,181
66,66,79,343,181
66,66,79,343,181
66,66,79,343,181
66,66,79,343,181
66,66,79,343,181
66,66,79,343,181
66,66,79,343,181
66,66,79,343,182
66,66,79,343,182
66,66,79,343,182
66,66,79,343,182
66,66,79,343,182
66,66,80,343,182
67,66,80,343,182
67,66,80,343,182
67,66,80,343,182
67,66,80,343,182
67,66,80,343,182
67,66,80,343,182
67,66,80,343,182
67,66,80,343,182
67,66,80,343,182
67,67,80,343,182
67,67,80,343,182
67,67,80,343,182
67,67,80,343,182
67,67,80,343,182
67,67,80,343,182
67,67,80,343,182
67,67,80,343,182
67,67,80,343,182
67,67,80,343,182
67,67,80,343,182
67,67,80,343,182
67,67,80,344,182
67,67,80,344,182
67,67,80,344,182
67,67,80,344,182
67,67,80,344,182
67,67,80,344,182
67,67,80,344,182
67,67,81,344,182
68,67,81,344,182
68,67,81,344,182
68,67,81,344,182
68,67,81,344,182
68,67,81,344,182
68,67,81,344,182
68,67,81,344,182
68,67,81,344,182
68,67,81,344,183
68,67,81,344,183
68,67,81,344,183
68,67,81,344,183
68,67,81,344,183
68,67,81,344,183
68,67,81,344,183
68,67,81,344,183
68,67,81,344,183
68,67,81,344,183
68,67,81,344,183
68,67,81,344,183
68,67,81,344,183
68,67,81,344,183
68,67,81,344,183
68,67,81,344,183
68,67,81,344,183
68,67,81,344,183
68,67,81,344,183
68,67,82,344,183
68,67,82,344,183
68,67,82,344,183
68,67,82,344,183
68,67,82,344,183
68,67,82,344,183
68,67,82,344,183
68,67,82,344,183
68,67,82,344,183
68,67,82,344,183
68,67,82,344,184
68,67,82,344,184
68,67,82,344,184
68,67,82,344,184
68,67,82,344,184
68,67,82,344,184
68,67,82,344,184
68,67,82,344,184
68,67,82,344,184
68,67,82,344,184
68,67,82,344,184
68,67,82,344,184
69,67,82,344,184
69,67,84,344,184
69,68,84,344,184
69,68,84,344,184
69,68,84,344,184
69,68,84,344,184
69,68,84,344,185
69,68,84,344,185
69,68,84,344,185
69,68,84,344,185
69,68,84,344,185
69,68,84,344,185
69,68,84,344,185
69,68,84,344,185
69,68,84,344,185
69,68,84,344,185
70,68,84,344,185
70,68,84,344,185
70,68,84,344,185
70,68,84,344,185
70,68,84,344,185
70,68,84,344,185
70,68,84,344,185
70,68,84,344,185
70,68,84,344,185
70,68,84,344,185
70,68,84,344,185
70,68,84,344,185
70,68,84,344,185
70,68,84,344,185
70,68,84,344,185
70,68,84,344,185
70,68,84,344,185
70,68,84,344,185
70,68,84,344,185
70,68,84,344,185
70,68,84,344,185
70,68,84,344,185
70,68,84,344,185
70,68,84,344,185
70,68,84,344,185
70,68,84,344,185
70,68,84,344,185
70,68,84,344,185
70,68,84,344,185
70,68,84,344,185
70,68,84,344,185
70,68,84,344,185
70,68,84,344,185
71,68,84,344,185
71,68,84,344,185
71,68,84,344,185
71,68,84,344,185
71,68,84,344,185
71,68,84,344,185
71,68,84,344,185
71,68,84,344,185
71,68,84,344,185
71,68,84,344,185
71,68,84,344,185
71,68,84,344,185
71,68,84,344,186
71,68,84,344,186
71,68,84,344,186
71,68,84,344,186
71,68,84,344,186
71,68,84,344,186
71,68,84,344,186
71,68,84,344,186
71,68,84,344,186
71,68,84,344,186
71,68,84,344,186
71,68,84,344,186
71,68,84,344,186
71,68,84,344,186
71,68,84,344,186
71,68,84,344,186
71,68,84,344,186
71,68,84,344,186
71,68,84,344,186
71,68,84,344,186
71,68,84,344,186
71,68,84,344,186
71,68,84,344,186
72,68,84,344,186
72,68,84,344,186
72,68,84,344,186
72,68,84,344,186
72,68,84,344,186
72,68,84,344,186
72,68,84,344,186
72,68,84,344,186
72,68,84,344,186
72,68,84,344,186
72,68,84,344,186
72,68,84,344,186
72,68,84,344,186
72,68,84,344,186
72,68,84,344,186
72,68,84,344,186
72,68,84,344,186
72,68,84,344,186
72,68,84,344,186
72,68,84,345,186
72,68,84,345,186
72,68,84,345,186
72,68,84,345,186
72,68,84,345,186
72,68,84,345,186
72,68,84,345,186
72,68,84,345,186
72,68,84,345,186
73,68,84,345,186
73,68,84,345,186
73,68,84,345,186
73,68,84,345,186
73,68,84,345,186
73,68,84,345,186
73,68,84,345,186
73,68,84,345,186
73,68,84,345,186
73,68,84,345,186
73,68,84,345,186
73,68,84,345,186
73,68,84,345,186
73,68,84,345,186
73,68,84,345,186
73,68,84,345,186
73,68,84,345,186
73,68,84,345,186
73,68,84,345,186
73,68,84,345,186
73,68,84,345,186
73,68,84,345,186
73,68,84,345,186
73,68,84,345,186
73,68,84,345,186
73,68,84,345,186
73,68,84,345,186
73,68,84,345,186
73,68,84,345,186
73,68,84,345,186
73,68,84,345,186
73,68,84,345,186
73,68,84,345,186
73,68,84,345,186
73,68,84,345,186
73,68,84,345,186
73,68,84,345,186
73,69,84,345,186
73,69,84,345,186
73,69,84,345,186
73,69,84,345,186
73,69,84,345,186
73,69,84,345,186
73,69,84,345,186
73,69,84,345,186
73,69,84,345,186
73,69,85,345,186
73,69,85,345,186
73,69,85,345,186
73,69,85,345,186
73,69,85,345,186
73,69,85,345,186
73,69,85,345,186
73,69,85,345,186
73,69,85,345,186
73,69,85,345,186
73,69,85,345,186
73,69,85,345,186
73,69,85,345,186
73,69,85,345,186
73,69,85,345,186
73,69,85,345,186
73,69,85,345,187
73,69,85,345,187
73,69,85,345,187
74,69,85,345,187
74,69,85,345,187
74,69,85,345,187
74,69,85,345,187
74,69,85,345,187
74,69,85,345,187
74,69,85,345,187
74,69,85,345,187
74,69,85,345,187
74,69,85,345,187
74,69,85,345,187
74,69,85,345,187
74,69,85,345,187
74,69,85,345,187
74,69,85,345,187
74,69,85,345,187
74,69,85,345,187
74,69,85,345,187
74,69,85,345,187
75,69,85,345,187
75,69,85,345,187
75,69,85,345,187
75,69,85,345,187
75,69,85,345,187
75,69,85,345,187
75,69,85,345,187
75,69,85,345,187
75,69,85,345,187
75,69,85,345,187
75,69,85,345,187
75,69,85,345,187
75,69,85,345,187
75,69,85,345,187
75,69,85,345,187
75,69,85,345,187
75,69,85,345,187
75,69,85,345,187
75,69,85,345,187
75,69,85,345,187
75,69,85,345,187
75,69,85,345,187
76,69,85,345,187
76,69,85,345,187
76,69,85,345,187
76,69,85,346,187
76,69,85,346,187
76,69,85,346,187
76,69,85,346,187
76,69,85,346,187
76,69,85,346,187
76,69,85,346,187
76,69,85,346,187
76,69,85,346,187
76,69,85,346,187
76,69,85,346,187
76,69,85,346,187
76,69,85,346,187
76,69,85,346,187
76,69,85,346,187
76,69,85,346,187
76,69,85,346,187
76,69,85,346,187
76,69,85,346,187
76,69,85,346,187
76,69,85,346,187
76,69,85,346,187
76,69,85,346,187
76,69,85,346,187
76,69,85,346,187
76,69,85,346,187
76,69,85,346,187
76,69,85,346,187
76,69,85,346,187
76,69,85,346,187
76,69,85,346,187
76,69,85,346,187
76,69,85,346,187
76,69,85,346,187
76,69,85,346,187
76,69,85,346,187
76,69,85,346,187
76,69,85,346,187
76,69,85,346,187
77,69,85,346,187
77,69,85,346,187
77,69,85,346,187
77,69,85,346,187
77,69,85,346,187
77,69,85,346,187
77,69,85,346,187
77,69,85,346,187
77,69,85,346,187
77,69,85,346,187
77,69,85,346,187
77,69,85,346,187
77,69,85,346,187
77,69,85,346,187
77,69,85,346,187
77,69,85,346,187
77,69,85,346,187
77,69,85,346,187
77,69,85,346,187
77,69,85,346,187
77,69,85,346,187
77,69,85,346,187
77,69,85,346,187
77,69,85,346,187
77,69,85,346,187
77,69,85,346,187
77,69,85,346,187
77,69,85,346,187
77,69,85,346,187
77,69,85,346,187
77,69,85,346,187
77,69,85,346,187
77,69,85,346,187
77,69,85,346,187
77,69,85,346,187
77,69,85,346,187
77,69,85,346,187
77,69,85,346,187
77,69,85,346,187
77,69,85,346,187
77,69,85,346,187
77,69,85,346,187
77,69,85,346,187
77,69,85,346,187
77,69,85,346,187
77,69,85,346,187
77,69,85,346,187
77,69,85,346,187
77,69,85,346,187
77,69,85,346,187
77,69,85,346,187
77,69,85,346,187
77,69,85,346,187
77,69,85,346,187
77,69,85,346,187
77,69,85,346,187
77,69,85,346,187
77,69,85,346,187
77,69,85,346,187
77,69,85,347,187
77,69,85,347,187
77,69,85,347,187
77,69,85,347,187
77,69,85,347,187
77,69,85,347,187
77,69,85,347,187
77,69,85,347,187
77,69,85,347,187
77,69,85,347,187
77,69,85,347,187
77,69,85,347,187
77,69,85,347,188
77,69,85,347,188
77,69,85,347,188
77,69,85,347,188
77,69,85,347,188
77,69,85,347,188
77,69,85,347,188
77,69,85,347,188
77,69,85,347,188
77,69,85,347,188
77,69,85,347,188
77,69,85,347,188
77,69,85,347,188
77,69,85,347,188
77,69,85,347,188
77,69,85,347,188
77,69,85,347,188
77,69,85,347,188
77,69,85,347,188
77,69,85,347,188
77,69,85,347,188
77,69,85,347,188
77,69,85,347,188
77,69,85,347,188
77,69,85,347,188
77,69,85,347,188
77,69,85,347,188
77,69,85,347,188
77,69,85,347,188
77,69,85,347,188
77,69,85,347,188
77,69,85,347,188
77,69,85,347,188
77,69,85,347,188
77,69,85,347,188
77,69,85,347,188
77,69,85,347,188
77,69,85,347,188
77,69,85,347,188
77,69,85,347,188
77,69,85,347,188
77,69,85,347,188
77,69,85,347,188
77,69,85,347,188
77,69,85,347,188
77,69,85,347,188
77,69,85,347,188
77,69,85,347,188
77,69,85,347,188
77,69,85,347,188
77,69,85,347,188
77,69,85,347,188
77,69,85,347,188
77,69,85,347,188
77,69,85,347,188
77,69,85,347,188
77,69,85,347,188
77,69,85,347,188
77,69,85,347,188
77,69,85,347,188
77,69,85,347,188
77,69,85,347,188
77,69,85,347,188
77,69,85,347,188
77,69,85,347,188
77,69,85,347,188
77,69,85,347,188
77,69,85,347,188
77,69,85,347,188
77,69,85,347,188
77,69,85,347,188
77,69,85,347,188
77,69,85,347,188
77,69,85,347,188
77,69,85,347,188
77,69,85,347,188
77,69,85,347,188
77,69,85,347,188
77,69,85,347,188
77,69,85,347,188
77,69,85,347,188
77,69,85,347,188
77,69,85,347,188
77,69,85,347,188
77,69,85,347,188
77,69,85,347,188
77,69,85,347,188
77,69,85,347,188
77,69,85,347,188
77,69,85,347,188
77,69,85,347,188
77,69,85,347,188
77,69,85,347,188
77,69,85,347,188
77,69,85,347,188
77,69,85,347,188
77,69,85,347,188
77,69,85,347,188
77,69,85,347,188
77,69,85,347,188
77,69,85,348,188
77,69,85,348,188
77,69,85,348,188
77,69,85,348,188
77,69,85,348,188
77,69,85,348,188
77,69,85,348,188
77,69,85,348,188
77,69,85,348,188
77,69,85,348,188
77,69,85,348,188
77,69,85,348,188
77,69,85,348,188
77,69,85,348,189
77,69,85,348,189
77,69,85,348,189
77,69,85,348,189
77,69,85,348,189
77,69,85,348,189
77,69,85,348,189
77,69,85,348,189
77,69,85,348,189
77,69,85,348,189
77,69,85,348,189
77,69,85,348,189
77,69,85,348,189
77,69,85,348,189
77,69,85,348,189
77,69,85,348,189
77,69,85,348,189
77,69,85,348,189
77,69,85,348,189
77,69,85,348,189
77,69,85,348,189
77,69,85,348,189
77,69,85,348,189
77,69,85,348,189
77,69,85,348,189
77,69,85,348,189
77,69,85,348,189
77,69,85,348,189
77,69,85,348,189
77,69,85,348,189
77,69,85,348,189
77,69,85,348,189
77,69,85,348,189
77,69,85,348,189
77,69,85,348,189
77,69,86,348,189
77,69,86,348,189
77,69,86,348,189
77,69,86,348,189
77,69,86,348,189
77,69,86,348,189
77,69,86,348,189
77,69,86,348,189
77,69,86,348,189
77,69,86,348,189
77,69,86,348,189
77,69,86,348,189
77,69,86,348,189
77,69,86,348,189
77,69,86,348,189
77,69,86,348,189
77,69,86,348,189
77,69,86,348,189
77,69,86,348,189
77,69,86,348,189
77,69,86,348,189
77,69,86,348,189
77,69,86,348,189
77,69,86,348,189
77,69,86,348,189
77,69,86,348,189
77,69,86,348,189
77,69,86,348,189
77,69,86,348,189
77,69,86,348,189
77,69,86,348,189
77,69,86,348,189
77,69,86,348,189
77,69,86,348,189
77,69,86,348,189
77,69,86,348,189
77,69,86,348,189
77,69,86,348,189
77,69,86,348,189
77,69,86,348,189
77,69,86,348,189
77,69,86,348,189
77,69,86,349,189
77,69,86,349,189
77,69,86,349,189
77,69,86,349,189
77,69,86,349,189
77,69,86,349,189
77,69,86,349,189
77,69,86,349,189
77,69,86,349,189
77,69,86,349,189
77,69,86,349,189
77,69,86,349,189
77,69,86,349,189
77,69,86,349,189
77,69,86,349,189
77,69,86,349,189
77,69,86,349,189
77,69,86,349,189
77,69,87,349,189
77,69,87,349,189
77,69,87,349,189
77,69,87,349,189
77,69,87,349,189
77,69,87,349,189
77,69,87,349,189
77,69,87,349,189
77,69,87,349,189
77,69,87,349,189
77,69,87,349,189
77,69,87,349,189
77,69,87,349,189
77,69,87,349,189
77,69,87,349,189
77,69,87,349,189
77,69,87,349,189
77,69,87,349,189
77,69,87,349,189
77,69,87,349,189
77,69,87,349,189
77,69,87,349,189
77,69,87,349,189
77,69,87,349,189
77,69,87,349,189
77,69,87,349,189
77,69,87,349,189
77,69,87,349,189
77,69,87,349,189
77,69,87,349,189
77,69,87,349,189
77,69,87,349,189
77,69,87,349,189
77,69,87,349,189
77,69,87,349,189
77,69,87,349,189
77,69,87,349,189
77,69,87,349,189
77,69,87,349,189
77,69,87,349,189
77,69,87,349,189
77,69,87,349,189
77,69,87,349,189
77,69,87,349,189
77,69,87,349,189
77,69,87,349,189
77,69,87,349,189
77,69,87,349,189
77,69,87,349,189
77,69,87,349,189
77,69,87,349,189
77,69,87,349,189
77,69,87,349,189
77,69,87,349,189
77,69,87,349,189
77,69,87,349,189
77,69,87,349,189
77,69,87,349,189
77,69,87,349,189
77,69,87,349,189
77,69,87,349,189
77,69,87,350,189
77,69,87,350,189
77,69,87,350,189
77,69,87,350,189
77,69,87,350,189
77,69,87,350,189
77,69,87,350,189
77,69,87,350,189
77,69,87,350,189
77,69,87,350,189
77,69,87,350,189
77,69,87,350,189
77,69,87,350,189
77,69,87,350,189
77,69,87,350,189
77,69,87,350,189
77,69,87,350,189
77,69,87,350,189
77,69,87,350,189
77,69,87,350,189
77,70,87,350,189
77,70,87,350,189
77,70,87,350,189
77,70,87,350,189
77,70,87,350,189
77,70,87,350,189
77,70,87,350,189
77,70,87,350,189
77,70,87,350,189
77,70,87,350,189
77,70,87,350,189
77,70,87,350,189
77,70,87,350,189
77,70,87,350,189
77,70,87,350,189
77,70,87,350,189
77,70,87,350,189
77,70,87,350,189
77,70,87,350,189
77,70,87,350,189
77,70,87,350,189
77,70,87,350,189
77,70,87,350,189
77,70,87,350,189
77,70,87,350,189
77,70,87,350,189
77,70,87,350,189
77,70,87,350,189
77,70,87,350,189
77,70,87,350,189
77,70,87,350,189
77,70,87,350,189
77,70,87,350,190
77,70,87,350,190
77,70,87,350,190
77,70,87,350,190
77,70,88,350,190
77,70,88,350,190
77,70,88,350,190
77,70,88,350,190
77,70,88,350,190
77,70,88,350,190
77,70,88,350,190
77,70,88,350,190
77,70,88,350,190
77,70,88,350,190
77,70,88,350,190
77,70,88,350,190
77,70,88,350,190
77,70,88,350,190
77,70,88,350,190
77,70,88,350,190
77,70,88,350,190
77,70,88,350,190
77,70,88,350,190
77,70,88,350,190
77,70,88,351,190
77,70,88,351,190
77,70,88,351,190
77,70,88,351,190
77,70,88,351,190
77,70,88,351,190
77,70,88,351,190
77,70,88,351,190
77,70,88,351,190
77,70,88,351,190
77,70,88,351,190
77,70,88,351,190
77,70,88,351,190
77,70,88,351,190
77,70,88,351,190
77,70,88,351,190
77,70,88,351,190
77,70,88,351,190
77,70,88,351,190
77,70,88,351,190
77,70,88,351,190
77,70,88,351,190
77,70,88,351,190
77,70,88,351,190
78,70,88,351,190
78,70,88,351,190
78,70,88,351,190
78,70,88,351,190
78,70,88,351,190
78,70,88,351,190
78,70,88,351,190
78,70,88,351,190
78,70,88,351,190
78,70,88,351,190
78,70,88,351,190
78,70,88,351,190
78,70,88,351,190
78,70,88,351,190
78,70,88,351,190
78,70,88,351,190
78,70,88,351,190
78,70,88,351,190
78,70,88,351,190
78,70,88,351,190
78,70,88,351,190
78,70,88,351,190
78,70,88,351,190
78,70,88,351,190
78,70,88,351,190
78,70,88,351,190
78,70,88,351,190
78,70,88,351,190
78,70,88,351,190
78,70,88,351,190
78,70,88,351,190
78,70,88,351,190
78,70,88,351,190
78,70,88,351,190
78,70,88,351,190
78,70,88,351,190
78,70,88,351,190
78,70,88,351,190
78,70,88,351,190
78,70,88,351,190
78,70,88,351,190
78,70,88,351,190
78,70,88,351,190
78,70,88,351,190
78,70,88,351,190
78,70,88,351,190
78,70,88,351,190
78,70,88,351,190
78,70,88,351,190
78,70,88,351,190
78,70,88,351,190
78,70,88,351,190
78,70,88,351,190
78,70,88,351,190
78,70,88,351,190
78,70,88,351,190
78,70,88,351,190
78,70,88,351,190
78,70,88,351,190
78,70,88,351,190
78,70,88,351,190
78,70,88,351,190
78,70,88,351,190
78,70,88,351,190
78,70,88,351,190
78,70,88,351,190
78,70,88,351,190
78,70,88,351,190
78,70,88,351,190
78,70,88,351,190
78,70,88,351,190
78,70,88,351,190
78,70,88,351,190
78,70,88,351,190
78,70,88,351,190
78,70,88,351,190
78,70,88,351,190
78,70,88,351,190
78,70,88,351,190
78,70,88,351,190
78,70,88,351,190
78,70,88,351,190
78,70,88,351,190
78,70,88,351,190
78,70,88,351,190
78,70,88,351,190
78,70,88,351,190
78,70,88,351,190
78,70,88,351,190
78,70,88,351,190
78,70,88,351,190
78,70,88,351,190
78,70,88,351,190
78,70,88,352,190
78,70,88,352,190
78,70,88,352,190
78,70,88,352,191
78,70,88,352,191
78,70,88,352,191
78,70,88,352,191
78,70,88,352,191
78,70,88,352,191
78,70,88,352,191
78,70,88,352,191
78,70,88,352,191
79,70,88,352,191
79,70,88,352,191
79,70,88,352,191
79,70,88,352,191
79,70,88,352,191
79,70,88,352,191
79,70,88,352,191
79,70,88,352,191
79,70,88,352,191
79,70,88,352,191
79,70,88,353,191
79,70,88,353,191
79,70,88,353,191
79,70,88,353,191
79,70,88,353,191
79,70,88,353,191
79,70,88,353,191
79,70,88,353,191
79,70,88,353,191
79,70,88,353,191
79,70,88,353,191
79,70,88,353,191
79,70,88,353,191
79,70,88,353,191
79,70,88,353,191
79,70,88,353,191
79,70,88,353,191
79,70,88,353,191
79,70,88,353,191
79,70,88,353,191
79,70,88,353,191
79,70,88,353,191
79,70,88,353,191
79,70,88,354,191
79,70,88,354,191
79,70,88,354,191
79,70,88,354,191
79,70,88,354,191
79,70,88,354,191
79,70,88,354,191
79,70,88,354,191
79,70,88,354,191
79,70,88,354,191
79,70,88,354,191
79,70,88,354,191
79,70,88,354,191
79,70,88,354,191
79,70,88,354,191
79,70,88,354,191
79,70,88,354,191
79,70,88,354,191
79,70,88,354,191
79,70,88,354,191
79,70,88,354,191
79,70,88,354,191
79,70,88,354,191
79,70,88,354,191
79,70,88,354,191
79,70,88,354,191
79,70,88,354,191
79,70,88,354,191
79,70,88,354,191
79,70,88,354,191
79,70,88,354,191
79,70,88,354,191
79,70,88,354,191
79,70,88,354,191
79,70,88,355,191
79,70,88,355,191
79,70,88,355,191
79,70,88,355,191
79,70,88,355,191
79,70,88,355,191
79,70,88,355,191
79,70,88,355,191
79,70,88,355,191
79,70,88,355,191
79,70,88,355,191
79,70,88,355,191
79,70,88,355,191
79,70,88,355,191
79,70,88,355,191
79,70,88,355,191
79,70,88,355,191
79,70,88,355,191
79,70,88,355,191
79,70,88,355,191
79,70,88,355,191
79,70,88,355,191
79,70,88,355,191
79,70,88,355,191
79,70,88,355,191
79,70,88,355,191
79,70,88,355,191
79,70,88,355,191
79,70,88,355,191
79,70,88,355,191
79,70,88,355,191
79,70,88,355,191
79,70,88,355,191
79,70,88,355,191
79,70,88,355,191
79,70,88,355,191
79,70,88,355,191
79,70,88,355,191
79,70,88,355,191
79,70,88,355,191
79,70,88,355,191
79,70,88,355,191
79,70,88,355,191
79,70,88,355,191
79,70,88,355,191
79,70,88,355,191
79,70,88,355,191
79,70,88,355,191
79,70,88,355,191
79,70,88,355,191
79,70,88,355,191
79,70,88,355,191
79,70,88,355,191
79,70,88,355,191
79,70,88,355,191
79,70,88,355,191
79,70,88,355,191
79,70,88,355,191
79,70,88,355,191
79,70,88,355,191
79,70,88,355,191
79,70,88,355,191
79,70,89,355,191
79,70,89,355,191
79,70,89,355,191
79,70,89,355,191
79,70,89,355,191
79,70,89,355,191
79,70,89,355,191
79,70,89,355,191
79,70,89,355,191
79,70,89,355,191
79,70,89,356,191
79,70,89,356,191
79,70,89,356,191
79,70,89,356,191
79,70,89,356,191
79,70,89,356,191
79,70,89,356,191
79,70,89,356,191
79,70,89,356,191
79,70,89,356,191
79,70,89,356,192
79,70,89,356,192
79,70,89,356,192
79,70,89,356,192
79,70,89,356,192
79,70,89,356,192
79,70,89,356,192
79,70,89,356,192
79,70,89,356,192
79,70,89,356,192
79,70,89,356,192
79,70,89,356,192
79,70,89,356,192
79,70,89,356,192
79,70,89,356,192
79,70,89,356,192
79,70,89,356,192
79,70,89,356,192
79,70,89,356,192
79,70,89,356,192
79,70,89,356,192
79,70,89,356,192
79,70,89,356,192
79,70,89,356,192
79,70,89,356,192
79,70,89,356,192
79,70,89,356,192
79,70,89,356,192
79,70,89,356,192
79,70,89,356,192
79,70,89,356,192
79,70,89,357,192
79,70,89,357,192
79,70,89,357,192
79,70,89,357,192
79,70,89,357,192
79,70,89,357,192
79,70,89,357,192
79,70,89,357,192
79,70,89,357,192
79,70,89,357,192
79,70,89,357,192
79,70,89,357,193
79,70,89,358,193
79,70,89,358,193
79,70,89,358,193
79,70,89,358,193
79,70,89,358,193
79,70,89,358,193
79,70,89,358,193
79,70,89,358,193
79,70,89,358,193
79,70,89,358,193
79,70,89,358,193
79,70,89,358,193
79,70,89,358,193
79,70,89,358,193
79,70,89,358,193
79,70,89,358,193
79,70,89,358,193
79,70,89,358,193
79,70,89,358,193
79,70,89,358,193
79,70,89,358,193
79,70,89,358,193
79,70,89,358,193
79,70,89,358,193
79,70,89,358,193
79,70,89,358,193
79,70,89,358,193
79,70,89,358,193
79,70,89,358,193
79,70,89,358,193
79,70,89,358,193
79,70,89,358,193
79,70,89,358,193
79,70,89,358,193
79,70,89,358,193
79,70,89,358,193
79,70,89,358,193
79,70,89,358,193
79,70,89,358,193
79,70,89,358,193
79,70,89,358,193
79,70,89,358,193
79,70,89,358,193
79,70,89,358,193
79,70,89,358,193
79,70,89,358,193
79,70,89,358,193
79,70,89,358,193
79,70,89,358,193
79,70,89,358,193
79,70,89,358,193
79,70,89,358,193
79,70,89,358,193
79,70,89,358,193
79,70,89,358,193
79,70,89,358,193
79,70,89,358,193
79,70,89,358,193
79,70,89,358,193
79,70,89,358,193
79,70,89,359,193
79,70,89,359,193
79,70,89,359,193
79,70,89,359,193
79,70,89,359,193
79,70,89,359,193
79,70,89,359,193
79,70,89,359,193
79,70,89,359,193
79,70,89,359,193
79,70,89,359,193
79,70,89,359,193
79,70,89,359,193
79,70,89,359,193
79,70,89,359,193
79,70,89,359,193
79,70,89,359,193
79,70,89,359,193
79,70,89,359,193
79,70,89,359,193
79,70,89,359,193
79,70,89,359,193
79,70,89,359,193
79,70,89,359,193
79,70,89,359,193
79,70,89,359,193
79,70,89,359,193
79,70,89,359,193
79,70,90,359,193
79,70,90,359,193
80,70,90,359,193
80,70,90,359,193
80,70,90,359,193
80,70,90,359,193
80,70,90,360,193
80,70,90,360,193
80,70,90,360,193
80,70,90,360,193
80,70,90,360,193
80,70,90,360,193
80,70,90,360,193
80,70,90,360,193
80,70,90,360,193
80,70,90,360,193
80,70,90,360,193
80,70,90,360,193
80,70,90,360,193
80,70,90,360,193
80,70,90,360,193
80,70,90,360,193
80,70,90,360,193
80,70,90,360,193
80,70,90,360,193
80,70,90,360,193
80,70,90,360,193
80,70,90,360,193
80,70,90,360,193
80,70,90,360,193
80,70,90,360,193
80,70,90,360,193
80,70,90,360,193
80,70,90,360,193
80,70,90,360,193
80,70,90,360,193
80,70,90,360,193
80,70,90,360,193
80,70,90,360,193
80,70,90,360,193
80,71,90,360,193
80,71,90,360,193
80,71,90,360,193
80,71,90,360,193
80,71,90,360,193
80,71,90,360,193
80,71,90,360,193
80,71,90,360,193
80,71,90,360,193
80,71,90,360,193
80,71,90,360,193
80,71,90,360,193
80,71,90,360,193
80,71,90,360,193
80,71,90,360,193
80,71,90,360,193
80,71,90,360,193
80,71,90,360,193
80,71,90,360,193
80,71,90,360,193
80,71,90,360,193
80,71,90,360,193
80,71,90,360,193
80,71,90,360,193
80,71,90,360,193
80,71,90,360,193
80,71,90,360,193
80,71,90,360,193
80,71,90,360,193
80,71,90,360,193
80,71,90,361,193
80,71,90,361,193
80,71,90,361,193
80,71,90,361,193
80,71,90,361,193
80,71,90,361,193
80,71,90,361,193
80,71,90,361,193
80,71,90,361,193
80,71,90,361,193
80,71,90,361,193
80,71,90,361,193
80,71,90,361,193
80,71,90,361,193
80,72,90,361,193
80,72,90,361,193
80,72,90,361,193
80,72,90,361,193
80,72,90,361,193
80,72,90,361,193
80,72,90,361,193
80,72,90,361,193
80,72,90,361,193
80,72,90,362,193
80,72,90,373,193
80,72,90,436,193
80,72,90,437,193
80,72,90,437,193
80,72,90,437,193
80,72,90,437,193
80,72,90,437,193
80,72,90,437,193
80,72,90,438,193
80,72,90,438,193
80,72,90,438,193
80,72,90,444,193
80,72,90,444,193
80,72,90,445,193
80,72,90,445,193
80,72,90,445,193
80,72,90,445,193
80,72,90,445,193
81,72,90,445,193
81,72,90,446,193
81,72,90,446,193
81,72,90,446,193
81,72,90,446,193
81,72,90,446,193
81,72,90,447,193
81,72,90,452,193
81,72,90,452,193
81,72,90,452,193
81,72,90,452,193
81,72,90,459,193
81,72,90,465,193
81,72,90,465,193
81,72,90,465,193
81,72,90,465,193
81,72,90,466,193
81,72,91,466,193
81,72,91,466,193
81,72,91,466,193
81,72,91,466,193
81,72,91,467,193
81,72,91,467,193
81,72,91,467,193
81,72,91,467,193
81,72,91,467,193
81,72,91,467,193
81,72,91,468,193
81,72,91,475,193
81,72,91,475,193
81,72,91,475,193
81,72,91,476,193
81,72,91,476,193
81,72,91,476,194
81,72,91,476,194
81,72,91,476,194
81,72,91,482,319
81,72,91,482,319
81,72,91,482,320
81,72,91,483,320
81,72,91,483,320
81,72,91,483,320
81,72,91,483,320
81,72,91,483,320
81,72,91,484,320
81,72,91,484,320
81,72,91,490,324
81,72,91,490,324
81,72,91,490,331
81,72,91,490,336
81,72,91,496,337
81,72,91,497,337
81,72,91,497,344
81,72,91,497,344
81,72,91,497,345
81,72,91,497,345
81,72,91,498,345
81,72,91,498,345
81,72,91,498,345
81,72,91,498,345
81,72,91,504,345
81,72,91,504,345
81,72,91,504,346
81,72,91,505,346
81,72,91,505,346
81,72,91,505,346
81,72,91,505,351
81,72,91,505,351
81,72,91,506,351
81,72,91,506,351
81,72,91,506,351
81,72,91,506,351
81,72,91,506,358
81,72,91,507,358
81,72,91,511,358
81,72,91,512,358
81,72,91,512,358
81,72,91,512,358
81,72,91,518,359
81,72,91,518,359
81,72,91,518,365
81,72,91,519,365
81,72,91,519,365
81,72,91,519,365
81,72,91,519,365
81,72,91,519,380
81,72,91,519,380
81,72,91,520,380
81,72,91,520,380
81,72,91,520,380
81,72,91,524,380
81,72,91,525,403
81,72,91,525,403
81,72,91,525,403
81,72,91,525,403
81,72,91,525,403
81,72,91,525,404
81,72,91,526,404
81,72,91,526,404
81,72,91,526,404
81,72,91,526,412
81,72,91,526,412
81,72,91,540,412
81,72,91,541,412
81,72,91,541,412
81,72,91,541,412
81,72,91,541,412
81,72,91,541,413
81,72,91,541,413
81,72,91,542,413
81,72,91,547,413
81,72,91,547,413
81,72,91,548,418
81,72,91,548,418
81,72,91,548,418
81,72,91,548,418
81,72,91,548,418
81,72,91,549,418
81,72,91,549,419
81,72,92,549,419
81,72,92,549,419
81,72,92,564,426
81,72,92,564,426
81,72,92,571,426
81,72,92,571,426
81,72,92,571,426
81,73,92,572,426
81,73,92,572,426
81,73,92,572,427
81,73,92,572,427
81,73,92,572,427
81,73,92,579,427
81,73,92,579,427
81,73,92,579,427
81,73,92,579,427
81,73,92,580,427
81,73,92,580,427
81,73,92,580,428
81,73,92,580,428
81,73,92,580,428
81,73,92,583,435
81,73,92,583,435
81,73,92,584,435
81,73,92,584,435
81,73,92,584,435
81,73,92,584,435
81,73,92,584,436
81,73,92,584,445
81,73,92,585,445
81,73,92,585,454
81,73,92,585,454
81,73,92,585,454
81,73,92,593,454
81,73,92,593,454
81,73,92,593,455
81,73,92,594,455
81,73,92,594,455
81,73,92,594,455
81,73,92,595,455
81,73,92,595,455
81,73,92,601,462
81,73,92,602,462
81,73,92,602,462
81,73,92,602,462
81,73,92,602,463
81,73,92,602,463
81,73,92,603,463
81,73,92,603,463
81,73,92,609,463
81,73,92,610,463
81,73,92,610,463
81,73,92,610,463
81,73,92,610,463
81,73,92,611,463
81,73,92,611,464
81,73,92,611,464
81,73,92,624,470
81,73,92,625,470
81,73,92,625,470
81,73,92,625,471
81,73,92,625,471
81,73,92,625,471
81,73,92,626,471
81,73,92,632,471
81,73,92,632,471
81,73,92,632,471
81,73,92,633,475
81,73,92,640,476
81,73,92,641,478
81,73,92,641,479
81,73,92,641,479
81,73,92,641,480
81,73,92,641,480
81,73,92,649,481
81,73,92,649,481
81,73,92,649,482
81,73,92,649,484
81,73,92,649,484
81,73,92,649,484
81,73,92,650,485
81,73,92,656,487
81,73,92,656,488
81,73,92,656,488
81,73,92,656,488
81,73,92,657,488
81,73,92,657,489
81,73,92,657,491
81,73,92,689,491
81,73,92,689,492
81,73,92,690,492
81,73,92,690,493
81,73,92,698,495
81,73,92,698,495
81,73,92,698,495
81,73,92,698,495
81,73,92,706,496
81,73,92,706,496
81,73,92,706,497
81,73,92,706,497
81,73,92,707,498
81,73,92,707,498
81,73,92,714,530
81,73,92,714,530
81,73,92,714,536
81,73,92,714,536
81,73,92,714,536
81,73,92,715,536
81,73,92,715,536
81,73,92,723,536
81,73,92,723,536
81,73,92,723,536
81,73,92,724,536
81,73,92,724,537
81,73,92,724,537
81,73,92,731,537
81,73,92,731,537
81,73,92,731,537
81,73,92,731,541
81,73,92,731,541
81,73,92,731,541
81,73,92,732,541
81,73,92,732,549
81,73,92,732,549
81,73,92,732,549
81,73,92,738,549
81,73,92,738,550
81,73,92,738,550
81,73,92,738,550
81,73,92,739,550
81,73,92,739,550
81,73,92,739,550
81,73,92,746,550
81,73,92,747,550
81,73,92,886,556
81,73,92,887,556
81,73,92,887,556
81,73,92,887,556
81,73,92,889,556
81,73,92,890,556
81,73,92,890,563
81,73,92,891,564
81,73,92,891,564
81,73,92,892,564
81,73,92,892,564
81,73,92,892,564
81,73,92,893,564
81,73,92,893,564
81,73,92,893,564
81,73,92,893,565
81,73,92,893,581
81,73,92,895,581
81,73,92,895,581
81,73,92,895,581
81,73,92,896,581
81,73,92,896,581
81,73,92,896,582
81,73,92,896,582
81,73,92,899,589
81,73,92,900,589
81,73,92,903,590
81,73,92,903,590
81,73,92,903,590
81,73,92,904,590
81,73,92,904,590
81,73,92,905,590
81,73,92,905,590
81,73,92,905,590
81,73,92,905,590
81,73,92,906,590
81,73,92,908,590
81,73,92,908,590
81,73,92,909,606
81,73,92,911,606
81,73,92,911,606
81,73,92,912,606
81,73,92,912,606
81,73,92,912,606
81,73,92,913,606
81,73,92,914,607
81,73,92,915,613
81,73,92,915,613
81,73,92,915,613
81,73,92,915,613
81,73,92,916,613
81,73,92,917,613
81,73,92,917,613
81,73,92,918,613
81,73,92,918,613
81,73,92,919,614
81,73,92,919,614
81,73,92,919,614
81,73,92,920,629
81,73,92,920,629
81,73,92,920,629
81,73,92,921,629
81,73,92,921,629
81,73,92,921,629
81,73,92,921,630
81,73,92,921,630
81,73,92,922,630
81,73,92,922,630
81,73,92,924,630
81,73,92,924,630
81,73,92,925,630
81,73,92,926,630
81,73,92,926,637
81,73,92,927,637
81,74,92,927,637
81,74,92,927,637
81,74,92,927,637
81,74,92,927,638
81,74,92,927,638
81,74,92,927,638
81,74,92,928,638
81,74,92,928,638
81,74,92,928,638
81,74,92,928,638
81,74,259,928,638
81,74,259,929,654
81,74,259,929,654
81,74,259,930,654
81,74,260,930,654
81,74,260,930,654
81,74,260,930,654
81,74,260,930,654
81,74,260,931,654
81,74,260,936,654
81,74,260,937,654
81,74,260,939,654
81,74,260,941,655
81,74,260,946,655
81,74,260,947,655
81,74,260,947,661
81,74,260,948,661
81,74,260,948,661
81,74,260,948,661
81,74,260,949,661
81,74,261,949,661
81,74,261,949,661
81,255,261,952,661
81,255,261,952,661
81,255,261,953,662
81,255,261,953,662
81,255,261,955,662
81,255,261,955,676
81,255,261,962,676
81,255,261,962,676
81,255,261,964,677
81,255,261,965,706
81,255,261,965,706
81,255,261,965,706
81,256,261,966,707
82,256,269,967,707
82,256,269,968,707
82,256,269,968,707
82,256,269,968,707
82,256,270,969,714
82,256,270,970,714
82,256,270,970,714
82,256,270,970,714
82,256,270,971,722
82,256,270,973,722
82,256,270,973,722
82,256,270,976,722
82,256,270,976,722
82,256,270,1037,722
82,256,270,1037,722
82,256,270,1037,722
82,256,270,1037,722
82,256,270,1037,729
82,256,270,1038,729
82,256,271,1038,729
82,257,271,1038,729
82,257,271,1038,750
82,257,271,1038,751
82,257,271,1038,794
82,257,271,1038,795
82,257,271,1038,795
82,257,271,1041,795
82,257,271,1041,795
82,257,271,1042,795
82,257,271,1042,795
82,257,271,1042,795
82,257,271,1042,795
82,257,271,1042,796
82,257,279,1043,797
82,257,279,1056,797
82,257,279,1056,797
82,257,279,1056,800
82,257,279,1056,800
82,257,280,1056,801
83,257,280,1056,801
83,257,280,1056,801
255,258,280,1056,801
255,258,280,1056,801
255,258,280,1056,801
255,258,280,1056,802
255,264,280,1056,802
255,265,280,1057,803
255,265,280,1057,803
255,265,280,1057,803
255,265,280,1057,803
255,265,280,1057,803
255,265,280,1057,804
256,265,280,1057,804
256,265,280,1058,806
256,265,280,1058,806
256,265,281,1058,806
256,265,281,1058,807
256,265,281,1058,807
256,265,281,1058,807
256,265,281,1059,807
256,265,281,1059,808
256,271,281,1059,808
256,271,281,1059,808
256,271,289,1059,808
256,271,289,1059,808
256,271,289,1059,808
256,271,289,1059,809
256,272,289,1059,815
256,272,289,1060,815
257,272,298,1060,816
257,272,298,1060,816
257,272,298,1060,816
257,272,298,1060,819
257,279,298,1060,819
257,279,298,1060,819
257,279,298,1106,819
257,279,298,1106,822
257,279,298,1106,823
257,279,298,1106,823
257,280,298,1172,823
287,280,298,1236,823
287,280,298,1236,824
287,280,299,1345,824
287,280,305,1347,828
287,280,305,1356,828
287,280,305,1362,828
287,280,305,1467,828
287,286,305,1581,831
287,286,305,1581,831
287,286,305,1583,834
287,286,305,1583,835
287,286,312,1583,835
287,286,312,1583,835
305,286,312,1583,835
306,287,312,1583,835
306,287,312,1588,835
306,287,312,1589,836
306,287,312,1589,838
306,294,312,1589,838
306,294,313,1590,843
306,294,313,1590,843
306,294,313,1594,843
306,294,319,1595,843
306,294,319,1595,843
306,294,319,1595,843
306,294,319,1595,843
315,294,319,1598,844
315,294,319,1598,845
315,294,319,1598,850
315,294,326,1599,851
